{"cameraMode":{"drawMode":0,"name":"Shaded","section":"Shading Mode"},"sceneLighting":true,"audioPlay":false,"sceneViewState":{"m_AlwaysRefresh":false,"showFog":true,"showSkybox":false,"showFlares":false,"showImageEffects":false,"showParticleSystems":true,"showVisualEffectGraphs":true,"m_FxEnabled":true},"in2DMode":false,"pivot":{"x":1.0506480932235718,"y":-1.2854657173156739,"z":3.089174509048462},"rotation":{"x":0.08714142441749573,"y":0.03584643825888634,"z":-0.003156941616907716,"w":0.9955237507820129},"size":2.712716817855835,"orthographic":false}